issue_id,source_audit,issue,severity_for_portfolio,evidence_required,evidence_found,action_taken,manuscript_location,artifact_created_or_updated,verification_command,final_status,unresolved_reason
A1,claude_axiom_F1,"Sec.9 claimed AP 0.17-0.23 / AUROC 0.75-0.80 'across model families'; trees sit at AP 0.109/0.126 and AUROC 0.673/0.717","MODERATE (contradicted own artifact)","severe_ranking.md all-model table","artifact confirms trees below the stated floor; Figure 10 already displayed DT at 0.109","text corrected to all-model range 0.109-~0.23 / 0.673-~0.80 with single-tree-excluded narrower range; figure caption qualified; CLAIM_EVIDENCE_MATRIX 9f corrected with dated erratum","Sec.9; Figure 10 caption","paper/CLAIM_EVIDENCE_MATRIX.md (9f)","python tools/verify_manuscript_numbers.py source","RESOLVED",
A2,claude_axiom_F2,"Table 1 note said blank rule constitutes 'most' of class 0; it constitutes all 32046/32046","MINOR (understated construct dependence)","target_audit.json; modeling-table recount","raw field has no explicit PDO value; class 0 == blanks exactly","wording changed to 'all of class 0 in this extract' in Table 1 note / abstract / Sec.4.2 / limitation 3","Table 1 note; abstract; Sec.4.2; Sec.11 item 3","experiment/target_reporting_process_audit.json (q1)","python tools/verify_manuscript_numbers.py source","RESOLVED",
A3,claude_axiom_F3a,"unweighted ordinal RF accuracy printed 0.684; exact 0.68349 rounds to 0.683","MINOR (misrounded cell)","final_results.json","exact value 0.6834909716","cell corrected in Table 2 and appendix Table 4","Table 2; Table 4 (app)","none (artifact unchanged; manuscript matched to it)","python tools/verify_manuscript_numbers.py source","RESOLVED",
A4,claude_axiom_F3b,"multinomial-logit QWK printed 0.263; exact 0.26249 rounds to 0.262","MINOR (misrounded cell)","final_results.json","exact value 0.2624907183","cell corrected in appendix Table 4","Table 4 (app)","none","python tools/verify_manuscript_numbers.py source","RESOLVED",
A5,claude_axiom_F4,"prose 'log loss from 0.708 to 0.692' double-rounded 0.70747 (printed 0.7075 two paragraphs earlier)","MINOR (rounding inconsistency)","final_results.json calibration block","exact 0.70747 -> 0.69241","prose changed to 'from 0.7075 to 0.6924'","Sec.8.4","none","python tools/verify_manuscript_numbers.py source","RESOLVED",
A6,claude_axiom_F5 / kit_MC5,"paper never stated whether headline hard labels use raw or calibrated probabilities","MINOR (methodological ambiguity)","frozen predictions; calibration path re-execution","median(raw probs)==stored y_pred exactly; frozen calibration block re-derives exactly (diffs 0.0e+00); counterfactual = 1894 labels / oMAE 0.3442 (unused)","explicit raw-probability statements added (Sec.6.3 paragraph; Fig.7 caption; abstract; Sec.8.4)","Sec.6.3; Sec.8.4; Fig.7 caption; abstract","experiment/raw_vs_calibrated_decisions.json; crashsev/raw_vs_calibrated.py","python -m crashsev.raw_vs_calibrated","RESOLVED",
A7,claude_axiom_F6(revised),"posterior-median labels appeared unreconstructable from stored probabilities on 3-4 tie rows","MINOR (root cause reattributed)","exact-parser test on frozen CSVs","frozen CSVs are full-repr and round-trip EXACTLY; pandas DEFAULT parser is 1-ulp imprecise at exact 0.5/tie rows (0 mismatches under float_precision='round_trip')","lossless de-identified parquet + machine round-trip test created; parser caveat documented in Sec.12.1; original audit report carries an erratum note","Sec.12.1; App.C","experiment/predictions_lossless.parquet; experiment/prediction_roundtrip_test.json; crashsev/prediction_serialization.py","python -m crashsev.prediction_serialization","RESOLVED",
A8,claude_axiom_F7,"'The protocol prespecifies four hypotheses' - H-numbering absent from protocol document; freeze is within-study post-exposure","MINOR (language precision)","FINAL_BENCHMARK_PROTOCOL.md + git history","substance frozen in the 00:22Z v4 amendment (success criterion + A5/A7 ablations + FEAT-001); numbering editorial","section retitled 'protocol-frozen comparisons'; H1-H4 labeled editorial; 'not preregistered / not outcome-blind' stated; hypothesis-table caption updated","Sec.7; Table 3 caption","none","python tools/verify_manuscript_numbers.py source","RESOLVED_BY_REFRAMING",
A9,claude_axiom_F8,"informative missingness of retained fields unnamed as an alternative-explanation channel","MODERATE (alternative explanation)","class-conditional missingness; new probe","retained-field missingness outcome-correlated (e.g. Posted Speed 0.350 vs 0.131); missingness-only logistic beats majority (0.3583 vs 0.3614; CI [-0.0047,-0.0015])","new limitation item; Sec.8.8 probe paragraph; Sec.4.2/RQ scope wording","Sec.8.8; Sec.11 item 5; Sec.1","experiment/target_reporting_process_audit.json (q8/q9); crashsev/target_reporting_audit.py","python -m crashsev.target_reporting_audit","RESOLVED",
A10,claude_axiom_F9,"'Non Vehicle Damage' broad-admissible in contract ledger while in-code schema.py grades it post-outcome","MINOR (ledger tension; broad tier only)","both ledgers","tension confirmed; affects only the non-primary broad sensitivity","documented as OUTCOME_PROXIMAL / LEDGER-TENSION-001 in the timing ledger; frozen-run inputs deliberately untouched","none (paper already refuses to promote broad tier)","paper/FEATURE_TIMING_EVIDENCE.md","python -m crashsev.feature_timing_evidence","RESOLVED_BY_REFRAMING",
A11,claude_axiom_F10,"run manifests record repo dirty=true with source_dirty=false","OBSERVATION","cli.py source_tree_dirty scope","refusal gate scoped to source/contract/data by design; v3 parser bug fixed and disclosed","documented in revision log; no manuscript change needed","n/a","release/portfolio_revision/revision_log.md","n/a","NOT_APPLICABLE","no defect: enforcement scope is by design and recorded in artifacts"
A12,claude_axiom_F11,"artifact contains a third (expected-value) decision rule where unweighted RF reaches 0.3392; unreported","OBSERVATION","decision_rule_sensitivity.md","value confirmed; median rule was protocol-frozen; exp-round optimizes neither declared loss","intentionally not added to the paper (would be post-hoc rule shopping); artifact remains public","n/a","none","n/a","NOT_APPLICABLE","reporting it as a headline would be post-hoc decision-rule selection"
A13,claude_axiom_F12,"analysis plan specified 10 dev seeds; executed 3 (disclosed in protocol, not in paper)","OBSERVATION","protocol execution-amendment table","deviation disclosed at protocol level; paper states three seeds factually","no change; protocol document is the deviation record","Sec.5.3","none","n/a","NOT_APPLICABLE","already disclosed where deviations are catalogued"
A14,claude_axiom_lang,"title words 'Reproducible' / 'Leakage-Controlled' could overread","MINOR","n/a (wording)","terms now defined early and scoped","title retained (prior circulated versions; mentor review continuity); 'leakage-controlled' defined in Sec.1; reproducible scoped to self-reproduction in Sec.3.6/11/12","Sec.1; Sec.11 item 12; Sec.12.1","none","grep for scope sentences","RESOLVED_BY_REFRAMING",
B1,kit_MC1,"blank-severity construct: is blank truly PDO or co-missing?","MAJOR (construct; disclosed)","custodian codebook; co-missingness tests","count fields are EXPLICIT ZEROS for all 32046 blanks (co-missingness disfavored for counts); person-level injury field IS co-missing; quarantined rows share the zero signature; count fields internally inconsistent at source","both-directions evidence added to Sec.4.2; audit artifact created; formal custodian request drafted (names the Form 12-200 Instruction Manual and DOT&PF data dictionary)","Sec.4.2; Sec.11 item 3; roadmap Phase 1","experiment/target_reporting_process_audit.json/.md; release/portfolio_revision/custodian_semantics_request.md","python -m crashsev.target_reporting_audit","DEFERRED_EXTERNAL_EVIDENCE","official semantics require the source custodian; automated retrieval of the instruction manual returned HTTP 403"
B2,kit_MC2,"exact operational prediction moment undefined","MAJOR (construct; disclosed)","per-field recording-time evidence","no custodian evidence exists; all timing grades author-judged","per-field ledger generated (0 fields VERIFIED_EARLY); RQ reworded to 'not explicitly derived from recorded injury outcomes'; explicit no-validated-timestamp statements added","Sec.1 RQ; Sec.4.3; Sec.11 item 4","paper/FEATURE_TIMING_EVIDENCE.md","python -m crashsev.feature_timing_evidence","DEFERRED_EXTERNAL_EVIDENCE","recording-stage facts require the source agency workflow documentation"
B3,kit_MC3,"weighted ORF is primary while unweighted forests lead the declared metric","MODERATE (framing)","frozen role registry + dev report","roles frozen in registry (WGT-001); guard test forbids ablation candidacy; paper prints ablations' superiority","'role-based designation, not the overall oMAE leader' language added throughout; weighting labeled an experimental factor, not a utility choice; primary model NOT relabeled (preservation rule)","abstract; Sec.7; Sec.8.2","none","pytest tests/test_governance.py","RESOLVED_BY_REFRAMING",
B4,kit_MC4,"'one governed run' could read as one statistical look at an unseen holdout","MODERATE (framing)","run inventory + timeline","one controlled execution generated many analyses on the exposed cohort; v3 had already evaluated 2012","'one controlled execution ... not one statistical look at an unseen holdout' wording in Sec.5 and Sec.5.3; abstract updated","Sec.5; Sec.5.3; abstract","none","grep","RESOLVED",
B6,kit_MC6,"case-bootstrap interval narrower than the scientific uncertainty (dependence; model selection; construct)","MODERATE","cluster ids (absent); proxy analyses","day-cluster CI [-0.0233,-0.0052]; week-cluster [-0.0261,-0.0036]; all LOO group deltas negative; severe-metric CIs attached","CI-scope sentences added (abstract; Sec.8.3); proxy-cluster paragraph in Sec.8.8; limitations 5/7 expanded","abstract; Sec.8.3; Sec.8.8; Sec.11","experiment/cluster_bootstrap_sensitivity.json; experiment/agency_leave_one_out.json; experiment/severe_metric_uncertainty.json","python -m crashsev.cluster_bootstrap_sensitivity","RESOLVED_BY_REFRAMING","true dependence model still requires cluster identifiers the extract lacks"
B7,kit_MC7,"oMAE encodes an unstated equal-spacing cost convention","MODERATE","n/a (definitional)","confirmed: convention not elicited from stakeholders","convention sentence added after the oMAE definition; new 'Loss convention' limitation","Sec.6.3; Sec.11 item 6","none","grep","RESOLVED",
B8,kit_mod_factorial,"causal wording ('cause'; 'dominant source') for the leakage factorial","MODERATE (language)","leakage_factorial.json","all 8 cells verified; contrasts conditional","finding line reworded to matched-diagnostic language; conditionality sentence added; Figure 8 caption updated; abstract/conclusion/Sec.10.2 aligned","Sec.8.5; Fig.8 caption; abstract; Sec.10.2; conclusion","none","python tools/verify_manuscript_numbers.py source","RESOLVED",
B9,kit_mod_ranking_unc,"ranking metrics reported without uncertainty; 'the signal is real'","MODERATE","row-level predictions","post-hoc case-bootstrap CIs computed (AP [0.169,0.243]; AUROC [0.772,0.814]; recall [0.038,0.080]; precision [0.378,0.658])","'signal is real' removed; point-estimate status stated; post-hoc CIs quoted with artifact","Sec.9","experiment/severe_metric_uncertainty.json/.md; crashsev/severe_metric_uncertainty.py","python -m crashsev.severe_metric_uncertainty","RESOLVED",
B10,kit_mod_temporal,"only two rolling-origin transitions; one temporal transfer","MODERATE (design; disclosed)","a genuinely later cohort","not obtainable locally","limitation already explicit (Sec.11 item 2); roadmap Phase 2 unchanged","Sec.11 item 2; Sec.14","none","n/a","DEFERRED_EXTERNAL_EVIDENCE","later Alaska cohort not in the licensed archive"
B11,kit_missing_evidence,"independent third-party reproduction","MAJOR (status; disclosed)","external party runs the package","verifier ships in the handoff; nobody external has run it","self-reproduction language verified throughout; roadmap Phase 2 item 4","Sec.11 item 12; Sec.12.1; Sec.14","none","n/a","DEFERRED_EXTERNAL_EVIDENCE","requires a third party by definition"
B12,kit_reference_audit,"cited external sources not cached locally; citations unverifiable offline","MINOR","cached copies of 15+ sources","metadata verified against bibliographic knowledge; automated caching blocked (nhtsa.gov/highways.dot.gov HTTP 403)","custodian request lists the two decisive documents; citation-support pairings re-reviewed (no overreach found; nhtsa2024 remains uncited/unrendered)","references","release/portfolio_revision/custodian_semantics_request.md","n/a","DEFERRED_EXTERNAL_EVIDENCE","official sites block automated retrieval; manual download recommended"
C1,revision_directive_7.1.9,"does a missingness-indicator-only model beat majority?","new evidence","executable probe + artifact","YES for logistic (0.3583; CI excludes 0); NO for matched unweighted RF","probe run under the chronological design; labeled post hoc; predictions surrogate-keyed and hash-pinned","Sec.8.8; Sec.11 item 5","experiment/target_reporting_process_audit.json (q9); experiment/missingness_only_predictions.parquet (gitignored; hash pinned)","python -m crashsev.target_reporting_audit","RESOLVED",
C2,revision_directive_7.5,"leave-one-agency-out sensitivity","new evidence","reporting-agency field","CORRECTED 2026-07-15: agency fields (Officer Agency/Reporting Agency/Detachment) EXIST in the licensed raw extract (column_inventory_09_12.csv) but were removed as identifier-tier columns at de-identification; no agency label survives in the retained table or released evidence","documented; nearest proxies computed (leave-one-region/borough/maintenance-group-out; all deltas negative)","Sec.8.8","experiment/agency_leave_one_out.json","python -m crashsev.cluster_bootstrap_sensitivity","DEFERRED_EXTERNAL_EVIDENCE","agency labels removed at de-identification and raw file absent by policy; requires licensed re-supply/custodian join"
C3,revision_directive_11,"old checksum manifest refers to superseded deliverables","release engineering","fresh manifests for this build","confirmed (prior SHA256.txt carries 2026-07-12 hashes)","all release hashes computed fresh for this build; prior deliverable set left untouched","n/a","release/portfolio_revision/SHA256SUMS.txt; build_manifest.json; artifact_manifest.json","Get-FileHash","RESOLVED",
